product_id,description,legacy_balance,ledger_balance,stock_balance,delta_legacy_vs_ledger,delta_ledger_vs_cache,document_only_balance
7898936842060,"PARAFUSO DRYWALL 25X3,5MM",-992305.0,1700.0,1700.0,994005.0,0.0,0.0
7899682763500,PAPEL TOALHA INTERFOLHAS,4844.0,124000.0,124000.0,119156.0,0.0,385000.0
7892183700999,"PARAFUSO DRYWALL 3,5X25MM",-318.0,2680.0,2680.0,2998.0,0.0,1000.0
200L,SACO LIXO 200 LITROS,6972.0,4200.0,4200.0,-2772.0,0.0,14000.0
7898505140238,COPO DESCARTÁVEL  200ML,2129.0,100.0,100.0,-2029.0,0.0,12500.0
789987456654002,"TERMINAL TUBULAR SIMPLES 1,5MM PRETO",0.0,2000.0,2000.0,2000.0,0.0,4000.0
789987456654003,"TERMINAL TUBULAR SIMPLES 2,5MM AZUL",-42.0,1958.0,1958.0,2000.0,0.0,4000.0
7892183267997,"PARAFUSO DRYWALL 3,5X35MM",-297.0,1701.0,1701.0,1998.0,0.0,0.0
7898493210203,BUCHA SF 6,2.0,2000.0,2000.0,1998.0,0.0,0.0
7898493212306,BUCHA FLY 3 P/ DRYWALL,3.0,1898.0,1898.0,1895.0,0.0,1650.0
100L,SACO LIXO 100 LITROS,3484.0,1900.0,1900.0,-1584.0,0.0,4000.0
7896603807831,FITA CREPE VERDE 48MMX40M,-18.0,1560.0,1560.0,1578.0,0.0,2280.0
7891960829687,FITA VEDA ROSCA 18X50mm,-65.0,1350.0,1350.0,1415.0,0.0,1750.0
60L,SACO DE LIXO 60L,1288.0,100.0,100.0,-1188.0,0.0,4300.0
7898180829107,PAPEL HIGIÊNICO XANDY,-216.0,935.0,935.0,1151.0,0.0,1920.0
7908467200380,FITA DUREX TRANSPARENTE 45X100M,-15.0,1000.0,1000.0,1015.0,0.0,2500.0
7898493210227,BUCHA SF8,2.0,1000.0,1000.0,998.0,0.0,0.0
7898493210982,"ABRAÇADEIR NYLON 2,5X100",-106.0,790.0,790.0,896.0,0.0,0.0
7898494150683,FITA ZEBRADA 70X200m,4.0,805.0,805.0,801.0,0.0,1000.0
300L,SACO LIXO 300 LITROS,992.0,200.0,200.0,-792.0,0.0,14000.0
7908467201257,FITA CREPE 48mmX50M,1136.0,450.0,450.0,-686.0,0.0,0.0
7898259251839,FIO FLEXSÍVEL 1.5MM PRETO,-298.0,301.0,301.0,599.0,0.0,500.0
7892261065835,PARAFUSO N8,-40.0,558.0,558.0,598.0,0.0,0.0
7892261068706,"PARAFUSO FLANGEADO 4,5X45MM PHILLIPS",-6.0,592.0,592.0,598.0,0.0,0.0
7898493210234,BUCHA SF10,-4.0,494.0,494.0,498.0,0.0,0.0
7898159800083,FITA VEDA ROSCA 18X50mm,-10.0,450.0,450.0,460.0,0.0,0.0
789987456654101,BAMBU RACHADO (2 METROS,-432.0,0.0,0.0,432.0,0.0,480.0
7891040105502,FITA ISOLANTE IMPERIAL 18X20M,-10.0,400.0,400.0,410.0,0.0,600.0
7898259251921,FIO FLEXSÍVEL  2.5MM PRETO,-108.0,300.0,300.0,408.0,0.0,2100.0
WEUV20759,FITA ANTIDERRAPANTE 20M,-52.0,350.0,350.0,402.0,0.0,440.0
7893590283037,ABRAÇADEIRA DE NYLON BRANCA 2.5X200,4.0,400.0,400.0,396.0,0.0,0.0
7893590283136,ABRAÇADEIRA DE NYLON BRANCA 4.8X300,-96.0,300.0,300.0,396.0,0.0,0.0
7898632121001,DUTO CORRUGADO 3/4'' 50MM,-4.5,346.5,346.5,351.0,0.0,400.0
7891040004416,FITA ISOLANTE SCOTCH 20M,237.0,580.0,580.0,343.0,0.0,400.0
7898936842053,PARAFUSO 4.2X13MM,1664.0,1995.0,3664.0,331.0,1669.0,2000.0
7898453065331,CAIXA DE CABO DE REDE,-317.0,0.0,0.0,317.0,0.0,3965.0
7893590283693,ABRAÇADEIRA DE NYLON 7.6X400,16.0,320.0,320.0,304.0,0.0,0.0
7898259251808,FIO FLEXSÍVEL 1.5MM VERMELHO,-2.0,300.0,300.0,302.0,0.0,500.0
7898493211187,"ABRAÇADEIRA NYLON 7,0X400",-299.0,0.0,0.0,299.0,0.0,0.0
7893590283082,ABRAÇADEIRA DE NYLON BRANCA 3.6X300,3.0,300.0,300.0,297.0,0.0,0.0
7897637126240,BUCHA FLY 1 P/DRYWALL,-25.0,272.0,272.0,297.0,0.0,0.0
7898493211064,"ABRAÇADEIRA NYLON 3,5X200",-196.0,100.0,100.0,296.0,0.0,0.0
7898964130030,PEGA RATO,3.0,262.0,262.0,259.0,0.0,0.0
7898493212313,BUCHA FLY 4 P/DRYWALL,5.0,250.0,250.0,245.0,0.0,0.0
7898258651005,"ROLO DE CABO FLEX 1,5 BRANCO 100Metros",-197.0,1.0,1.0,198.0,0.0,0.0
7898472262513,FITA CREPE 48X50M,404.0,208.0,208.0,-196.0,0.0,0.0
4055143234658,CONECTOR WAGO 415  -  5 VIAS,-34.0,141.0,141.0,175.0,0.0,375.0
7897432700676,PASTILHA DE CLORO TRIPLA AÇÃO 200g,-57.0,116.19999999999999,113.0,173.2,-3.1999999999999886,182.0
295082055363,TEXTURA RAFIATTO RÚSTICO ACRÍLICO,-3.0,168.0,168.0,171.0,0.0,240.0
7896155116405,TEXTURA ACRÍLICA LISA 23KG,88.0,250.0,250.0,162.0,0.0,309.0
78998745600200,ARGAMASSA PISO SOBRE PISO 20KG,8.0,160.0,160.0,152.0,0.0,0.0
7898191707746,EASYFRESH FACILITADOR P/PASSAR ROUPAS 1L,-117.0,11.0,11.0,128.0,0.0,130.0
7891323004904,MASSA ACRÍLICA 25KG,19.0,145.0,145.0,126.0,0.0,150.0
260133094073,TEXTURA QUARTZO HIDRO REPELENTE,-1.0,115.0,115.0,116.0,0.0,368.0
7898259251884,FIO FLEXSÍVEL 2.5MM AZUL,-10.0,100.0,100.0,110.0,0.0,1103.0
78998745600201,BRITA 01 SACO 5KG,120.0,230.0,230.0,110.0,0.0,280.0
4058075783904,LAMPADA LUZ FRIA 9W 60W,-94.0,8.0,8.0,102.0,0.0,0.0
7897432702021,CLORO GRANULADO SMART 10KG,-86.0,16.0,16.0,102.0,0.0,120.0
7891323088072,MASSA CORRIDA 25KG,65.499876,166.499876,166.499876,101.0,0.0,225.0
7898911729997,"CONDUITE CORRUGADO 3/4""",187.4,288.4,288.4,100.99999999999997,0.0,300.0
78998745665421,"TERMINAL GARFO 2,5MM VERMELHO",0.0,100.0,100.0,100.0,0.0,300.0
7899772604560,ROLO DE MANTA PRETA,1.0,100.0,100.0,99.0,0.0,0.0
7896637699914,CONECTOR RJ45,248.0,150.0,150.0,-98.0,0.0,500.0
17898161065224,RESPIRADOR DESCARTÁVEL CG 421 CL PFF2S EPI,-8.0,81.0,81.0,89.0,0.0,0.0
7897637118962,CHUMBADOR 5/16 X 2.1/4,68.0,145.0,145.0,77.0,0.0,125.0
7898959829468,MANTA VEDATUDO  45cmX10M,2.6999999999999993,72.0,72.0,69.3,0.0,0.0
7898924601617,PAPEL HIGIÊNICO INTERFOLHAS,69.0,0.0,0.0,-69.0,0.0,0.0
27899250604000,PILHA AA,59.0,0.0,0.0,-59.0,0.0,1.0
7896257584119,GRAFFIATO BRANCO NEVE 25KG,-2.0,50.0,50.0,52.0,0.0,100.0
7898472261936,PU40FIX CINZA 387g,-50.0,0.0,0.0,50.0,0.0,0.0
78998745600202,CIMENTO CPII 50KG,1.0,50.0,50.0,49.0,0.0,0.0
7896038108169,PU40 MULTIUSO CINZA 360g,-43.0,5.0,5.0,48.0,0.0,0.0
7897432700072,CLARIFICANTE MAXFLOC 1L,20.0,65.0,65.0,45.0,0.0,95.0
7898554010049,PROTETOR AURICULAR EPI,-11.0,32.0,32.0,43.0,0.0,0.0
7891960756693,"ADAPTADOR CAIXA D'ÁGUA 32MM X 1""",0.0,40.0,40.0,40.0,0.0,0.0
7898941765033,AGUARRÁS 5L,5.0,45.0,45.0,40.0,0.0,0.0
7899710006524,LÂMPADA BOLBO LED 9W 3K BM,-9.0,31.0,31.0,40.0,0.0,100.0
7891128029041,CAIXA DE PASSAGEM SOBREPOR 145X150X80mm,0.0,35.0,35.0,35.0,0.0,0.0
7898953991109,LÂMPADA PAR20 7W ÂMBAR,0.0,34.0,34.0,34.0,0.0,0.0
7898191702406,MDL FLORAL 5L,-2.0,30.0,30.0,32.0,0.0,40.0
7898255670788,BUTTERFLY HIPOCLORITO DE SÓDIO 5L,62.0,30.0,30.0,-32.0,0.0,50.0
7899682733107,UPPRO EXPERT LIMPADOR MULTIUSO OX2 5L,42.0,10.0,10.0,-32.0,0.0,0.0
7891435937558,TAMPO SEGO ARIA BRANCO,-1.0,30.0,30.0,31.0,0.0,0.0
4058075374720,LÂMPADA LED SUPERSTAR PAR20 6.5K 50W LUZ FRIA,-2.0,28.0,28.0,30.0,0.0,0.0
609963140961,PASTILHA ESTABILIZANTE DICLORO 200g,-28.0,0.0,0.0,28.0,0.0,0.0
7896603802522,FITA CREPE MASK 48mmX50M,-26.0,2.0,2.0,28.0,0.0,0.0
7896603846267,FITA CREPE MASK 18mmX50M,-13.0,13.0,13.0,26.0,0.0,0.0
7891960874694,ADESIVO PLÁSTICO 75g,-22.0,3.0,3.0,25.0,0.0,0.0
7897801300650,JOELHO 50MM,-19.0,6.0,51.0,25.0,45.0,25.0
7898255671037,CONCENTRAX DESENGRAXRAX 5L,-24.0,0.0,0.0,24.0,0.0,80.0
7897534802032,DESINCRUSTANTE LIMPA REJUNTES 5L,40.0,20.0,20.0,-20.0,0.0,35.0
7898214960172,BOCAL DE PORCELANA,-15.0,5.0,5.0,20.0,0.0,0.0
7896155149328,TEXTURA RAFIATTO RÚSTICO ACRÍLICO  23KG,19.0,0.0,0.0,-19.0,0.0,138.0
7897432700140,CLORO GRANULADO 10KG,143.0,125.0,125.0,-18.0,0.0,720.0
7897613520529,SISAL 250G,-2.0,16.0,16.0,18.0,0.0,12.0
7898161063087,FILTRO RC 203 P RESPIRADOR CG 306,0.0,18.0,18.0,18.0,0.0,0.0
7899710007767,PAINEL SLIM EMBUTIDO 12W 3000K  BRANCA MORNA,71.0,89.0,89.0,18.0,0.0,0.0
1299433002791,FOSCO AREIA 18L,1.0,18.0,18.0,17.0,0.0,0.0
7891260028346,LIQUIBASE COMPLEMENTO PAREDES 18L,3.0,20.0,20.0,17.0,0.0,0.0
7891323003242,BRANCO FOSCO 18L,17.0,0.0,0.0,-17.0,0.0,270.0
7898076995237,TINTA ASFÁLTICA 18L,-1.0,16.0,16.0,17.0,0.0,0.0
7898472259629,SILICONE ACÉTICO TRANSPARENTE 256g,-1.0,13.0,13.0,14.0,0.0,10.0
7898664884592,"TAMPO SEGO NORMAL 1""",0.0,14.0,14.0,14.0,0.0,0.0
7898664887661,"TAMPA MODULAR NORMAL 1"" CINZA",0.0,13.0,13.0,13.0,0.0,0.0
7899710016325,LUMINÁRIA LINEAR KSX FIT BRANCA FRIA 6500K,-4.0,9.0,9.0,13.0,0.0,0.0
7897744502432,LIMPADOR PERFUMADO BAMBU 120ML,-8.96,3.3599999999999985,3.3599999999999985,12.32,0.0,6.0
5902120188772,ESPUMA ESPANSIVA POLIURETANO 500ml/230g,-10.0,2.0,2.0,12.0,0.0,0.0
7898470069121,LIMPADOR DESINCRUSTANTE 5L,12.0,0.0,0.0,-12.0,0.0,35.0
7898006037976,"ZARCÃO CINZA 3,6L",-1.0,10.8,10.8,11.8,0.0,14.4
7899452022615,LAMPADA LED SUPER STAR PAR16 4.8W 6500K LUZ FRIA,0.0,10.0,10.0,10.0,0.0,0.0
267415801268,"STRIPITZI REMOVEDOR 3,6L",-2.0,7.200000000000001,7.200000000000001,9.200000000000001,0.0,14.4
0284,CAÇABMBA P/ TINTA 10L,1.0,10.0,10.0,9.0,0.0,0.0
4058075783843,LAMPADA LUZ QUENTE/CÁLIDA 9W 60W,-9.0,0.0,0.0,9.0,0.0,0.0
7898191704950,DETERGENTE DESINCRUSTANTE CJ-24  5L,-4.0,5.0,5.0,9.0,0.0,25.0
7891260279489,TINTA ESMALTE AMARELO OURO BRILHANTE,-1.0,7.200000000000001,7.200000000000001,8.200000000000001,0.0,10.8
4001869322322,PLACA 3 MÓDULOS  C/SUPORTE 4X2,2.0,10.0,10.0,8.0,0.0,0.0
7891435933574,MODULO TOMADA 2P 20A,-3.0,5.0,5.0,8.0,0.0,0.0
7896231701129,COLA JUNTAS,-2.0,6.0,6.0,8.0,0.0,0.0
7898255670818,MAX DETERGENTE 5L,68.0,60.0,60.0,-8.0,0.0,20.0
7898255671327,MAX DESINFETANTE 5L,16.0,8.0,8.0,-8.0,0.0,15.0
7898259251891,FIO FLEXSÍVEL VERMELHO 2.5MM,-8.0,0.0,0.0,8.0,0.0,1200.0
4001869322308,PLACA 2 MÓDULOS C/SUPORTE 4X2,2.0,9.0,9.0,7.0,0.0,0.0
4099854213373,PAINEL EMBUTIDO SLIM 18W 6500K LUZ FRIA,0.0,7.0,7.0,7.0,0.0,0.0
0216A008,BORRACHA DE SILICONE ROSA 1Kg,-6.0,0.0,0.0,6.0,0.0,0.0
4099854169946,LUMINÁRIA FLOODLIGHT 10W 3000K LUZ QUENTE,-1.0,5.0,5.0,6.0,0.0,0.0
7891960798624,CAIXA SIF N51 BR P GR QD 150X185X75,0.0,6.0,6.0,6.0,0.0,0.0
7898133950049,CONVERTEDOR DE FERRUGEM,0.0,6.0,6.0,6.0,0.0,0.0
7898191708897,SPARFRESH ECO 5L,-1.0,5.0,5.0,6.0,0.0,10.0
7898542003909,INTERRUPTOR SIMPLES 10A,-1.0,5.0,5.0,6.0,0.0,0.0
7891260325605,"TINTA ACRÍLICA ACETINA BRANCO 3,6L",12.4,7.199999999999999,7.200000000000001,-5.200000000000001,1.7763568394002505e-15,0.0
7898289938472,"TINTA ESMALTE EPÓXIS  - PALHA 3,2L",-2.0,3.200000000000001,3.200000000000001,5.200000000000001,0.0,9.600000000000001
7896155142008,TINTA ESMALTE CINZA BRILHANTE 3.6L,2.9,8.1,8.1,5.199999999999999,0.0,0.0
4058075374706,LÂMPADA LED SUPERSTAR PAR20 2.7K 50W LUZ CÁLIDA,0.0,5.0,5.0,5.0,0.0,0.0
7891035919787,FRESHMATIC SPRAY AUTOMÁTICO,5.0,10.0,10.0,5.0,0.0,0.0
7892019081308,KIT CHAVES DE CANHÃO 40 PEÇAS,-5.0,0.0,0.0,5.0,0.0,0.0
7899269530419,SPOT LED SLIM QUADRADO 3W 3000K,-1.0,4.0,4.0,5.0,0.0,0.0
7899389008041,DESEMPENADEIRA MADEIRA 17X30mm,-1.0,4.0,4.0,5.0,0.0,0.0
7909712087497,INVERSOR DE FREQUENCIA CFW500,-4.0,1.0,1.0,5.0,0.0,0.0
7891040044221,FITA ANTIDESLIZANTE 50X5M,54.0,50.0,50.0,-4.0,0.0,0.0
7896155100053,TINTA ESMALTE MARROMTABACO BRILHANTE,13.8,17.8,17.8,4.0,0.0,0.0
7897613520727,SUPORTE DE ROLO 23CM PRETO,-1.0,3.0,3.0,4.0,0.0,5.0
7898255671044,CONCENTRAX LIMPA PEDRAS 5L,9.0,5.0,5.0,-4.0,0.0,50.0
7898255677381,ALL CLEAN GEL ANTISSÉPTICO 5L,79.0,75.0,75.0,-4.0,0.0,0.0
7898950350206,TEMPORIZADOR CLC 24 VCA-VCC / 94-424 VCA,-3.0,1.0,1.0,4.0,0.0,0.0
7891574442074,ENDURECEDOR 3093,0.0,3.0,3.0,3.0,0.0,0.0
7896003826005,CONJUNTO DE FIXAÇÃO ASSENTO SANITÁRIO,0.0,3.0,3.0,3.0,0.0,0.0
7897488008764,DESEMPENADEIRA DENTADA 49X12mm,0.0,3.0,3.0,3.0,0.0,0.0
7897613524527,DESEMPENADEIRA CORRUGADA 18X30mm,0.0,3.0,3.0,3.0,0.0,0.0
7898049961108,PAINEL EMBUTIDO DE PAREDE C/GRADE BRANCO 60W,0.0,3.0,3.0,3.0,0.0,0.0
7898258651081,FIO FLEXSÍVEL  2.5MM VERMELHO,-3.0,0.0,0.0,3.0,0.0,300.0
7898259251938,FIO FLEXSÍVEL 2.5MM VERDE,97.0,100.0,100.0,3.0,0.0,1000.0
7898542184028,MANGUEIRA  TRANÇADA 3/4,-3.0,0.0,0.0,3.0,0.0,150.0
7898600530507,LAMPADA AMBAR 6W PAR20,0.0,3.0,3.0,3.0,0.0,0.0
7899052577096,CAIXA DE PASSAGEM PAREDE EMBUTIDA,0.0,3.0,3.0,3.0,0.0,0.0
7899825505882,PAINEL EMBUTIDO QUADRADO 3W 3000K LUZ AMARELA,0.0,3.0,3.0,3.0,0.0,0.0
218818267472,BROCA 3/32'' AÇO RÁPIDO,0.0,2.0,2.0,2.0,0.0,3.0
602883234017,RALO ROTATIVO AÇO INOX 15X15,-1.0,1.0,1.0,2.0,0.0,0.0
7891114102970,ESCOVA CIRCULAR ARAME ONDULADO,0.0,2.0,2.0,2.0,0.0,0.0
7893946555702,GRAMPO TIPO SARGENTO DE APERTO RÁPIDO 24''POLEGADAS,0.0,2.0,2.0,2.0,0.0,0.0
7897223000596,CAIXA DE PASSAGEM 170X145X90mm,0.0,2.0,2.0,2.0,0.0,0.0
7898258651074,FIO FLEXÍVEL 2.5MM AZUL,-2.0,0.0,0.0,2.0,0.0,200.0
7898292937318,FITA AUTOADESIVA DRYWALL 90X48mm,0.0,2.0,2.0,2.0,0.0,0.0
7898941792053,RALO ROTATIVO AÇO INOX 10X10,0.0,2.0,2.0,2.0,0.0,0.0
7899612719256,BIT PHILLIPS,38.0,36.0,36.0,-2.0,0.0,0.0
7899825505899,PAINEL EMBUTIDO QUADRADO 3W 6500K LUZ BRANCA,-2.0,0.0,0.0,2.0,0.0,0.0
7899977303046,LÂMPADA IP65 6W ÂMBAR,0.0,2.0,2.0,2.0,0.0,0.0
7898031546924,MASSA ADESIVA 400G,1.8000000000000003,3.0,3.0,1.1999999999999997,0.0,0.0
